_id,dob,email,gender,hobbies,name.first_name,name.last_name,profession,age
43001,10-05-1980,suresh_k@gmail.com,male,"singing, fishing, cricket,swimming",Suresh,Khanna,CA,25
43002,12-11-1975,s_mishra@gmail.com,male,"singing, sports, travelling",Sudhanshu,Mishra,Singer,26
43003,05-08-1982,m_matthew@gmail.com,female,"cricket, sports, dancing",Madhura,Matthew,Doctor,27
43004,10-11-1982,meera_k@gmail.com,female,"singing,gardening,swimming",Meera,Verma,Dancer,28
43005,01-10-1975,m.john@gmail.com,female,"singing, dancing, travelling",Meher,John,Singer,29
43006,11-08-1986,m_geet@gmail.com,female,"cricket, gardening, dancing",Megha,Geet,Doctor,30
43007,10-09-1979,neera_n@gmail.com,female,"photography,gardening,swimming",Neera,Nayak,Doctor,31
43008,01-10-1975,max.john@gmail.com,male,"singing, acting, travelling, photography, cricket",Max,John,CA,32
43009,01-08-1986,bob_gill@gmail.com,male,"cricket, gardening, sports, dancing",Robort,Gill,Doctor,33
43010,06-06-1965,Ram_Sharma@gmail.com,male,"singing, sports, travelling",Ram,Sharma,Photographer,34
43011,20-05-1980,Sham_Verma@gmail.com,male,"cricket, sports, dancing",Sham,Verma,Engineer,35
43012,22-11-1975,Seeta_Joshi@gmail.com,female,"singing,gardening,swimming",Seeta,Joshi,Shopkeeper,36
43013,15-08-1982,Geeta_Patil@gmail.com,female,"singing, dancing, travelling",Geeta,Patil,Businessman,37
43014,20-11-1982,Ajay_Kanekar@gmail.com,male,"photography,gardening,swimming",Ajay,Kanekar,Worker,38
43015,11-10-1975,Vijay_Kale@gmail.com,male,"singing, acting, travelling, photography, cricket",Vijay,Kale,Teacher,39
43016,21-08-1986,Meeta_Puri@gmail.com,female,"cricket, gardening, sports, dancing",Meeta,Puri,Dancer,40
43017,20-09-1979,Rutuja_Sangale@gmail.com,female,"singing, sports, travelling",Rutuja,Sangale,Actor,41
43018,11-10-1975,Harshad_Jadhav@gmail.com,male,"photography,gardening,swimming",Harshad,Jadhav,Banker,42
43019,11-08-1986,Aloka_Yadav@gmail.com,female,"singing, acting, travelling, photography, cricket",Aloka,Yadav,Salesman,43
43020,16-06-1965,Mitali_Patil@gmail.com,female,"cricket, gardening, sports, dancing",Mitali,Patil,Student,44
43021,11-05-1980,Shweta_Bendale@gmail.com,female,"singing, sports, travelling",Shweta,Bendale,CA,18
43022,13-11-1975,Amey_Bhandari@gmail.com,male,"singing, fishing, cricket,swimming",Amey,Bhandari,Singer,19
43023,06-08-1982,Sharvari_Jaykar@gmail.com,female,"singing, sports, travelling",Sharvari,Jaykar,Doctor,20
43024,11-11-1982,Swapna_Varpe@gmail.com,female,"cricket, sports, dancing",Swapna,Varpe,Dancer,21
43025,02-10-1975,Jaya_Singh@gmail.com,female,"singing,gardening,swimming",Jaya,Singh,Singer,22
43026,12-08-1986,Rama_Pitkar@gmail.com,female,"singing, dancing, travelling",Rama,Pitkar,Doctor,23
43027,11-09-1979,Ketaki_Mithari@gmail.com,female,"cricket, gardening, dancing",Ketaki,Mithari,Doctor,24
43028,02-10-1975,Rajesh_Gosavi@gmail.com,male,"photography,gardening,swimming",Rajesh,Gosavi,CA,25
43029,02-08-1986,Mahesh_Khande@gmail.com,male,"singing, acting, travelling, photography, cricket",Mahesh,Khande,Doctor,26
43030,07-06-1965,Ganesh_Kale@gmail.com,male,"cricket, gardening, sports, dancing",Ganesh,Kale,Photographer,27
43031,21-05-1980,Meera_Puri@gmail.com,female,"singing, sports, travelling",Meera,Puri,Engineer,28
43032,23-11-1975,Meher_Sangale@gmail.com,female,"singing, fishing, cricket,swimming",Meher,Sangale,Shopkeeper,29
43033,16-08-1982,Megha_Jadhav@gmail.com,female,"singing, sports, travelling",Megha,Jadhav,Businessman,30
43034,21-11-1982,Neera_Yadav@gmail.com,female,"cricket, sports, dancing",Neera,Yadav,Worker,31
43035,12-10-1975,Max_Patil@gmail.com,male,"singing,gardening,swimming",Max,Patil,Teacher,32
43036,22-08-1986,Robort_Bendale@gmail.com,male,"singing, dancing, travelling",Robort,Bendale,Dancer,33
43037,21-09-1979,Ram_Bhandari@gmail.com,male,"cricket, gardening, dancing",Ram,Bhandari,Actor,34
43038,12-10-1975,Sham_Jaykar@gmail.com,male,"photography,gardening,swimming",Sham,Jaykar,Banker,35
43039,12-08-1986,Seeta_Varpe@gmail.com,female,"singing, acting, travelling, photography, cricket",Seeta,Varpe,Salesman,36
43040,17-06-1965,Geeta_Singh@gmail.com,female,"cricket, gardening, sports, dancing",Geeta,Singh,Student,37
43041,20-05-1980,Ajay_Pitkar@gmail.com,male,"singing, sports, travelling",Ajay,Pitkar,CA,38
43042,22-11-1975,Vijay_Mithari@gmail.com,male,"singing, sports, travelling",Vijay,Mithari,Singer,39
43043,15-08-1982,Meeta_Gosavi@gmail.com,female,"singing, fishing, cricket,swimming",Meeta,Gosavi,Doctor,40
43044,20-11-1982,Sonu_Khande@gmail.com,female,"singing, sports, travelling",Sonu,Khande,Dancer,41
43045,11-10-1975,Gayatri_Khanna@gmail.com,female,"cricket, sports, dancing",Gayatri,Khanna,Singer,42
43046,21-08-1986,Sheetal_Mishra@gmail.com,female,"singing,gardening,swimming",Sheetal,Mishra,Doctor,43
43047,20-09-1979,Sangeeta_Matthew@gmail.com,female,"singing, dancing, travelling",Sangeeta,Matthew,Doctor,44
43048,11-10-1975,Vimal_Verma@gmail.com,female,"cricket, gardening, dancing",Vimal,Verma,CA,45
43049,11-08-1986,Hema_John@gmail.com,female,"photography,gardening,swimming",Hema,John,Doctor,46
43050,16-06-1965,Ashok_Geet@gmail.com,male,"singing, acting, travelling, photography, cricket",Ashok,Geet,Photographer,47
43051,30-05-1980,Ashutosh_Nayak@gmail.com,male,"cricket, gardening, sports, dancing",Ashutosh,Nayak,Engineer,48
43052,02-12-1975,Renuka_John@gmail.com,female,"singing, sports, travelling",Renuka,John,Shopkeeper,49
43053,25-08-1982,Kaustubh _Gill@gmail.com,male,"singing, fishing, cricket,swimming",Kaustubh ,Gill,Businessman,50
43054,30-11-1982,Manisha_Sharma@gmail.com,female,"singing, sports, travelling",Manisha,Sharma,Worker,51
43055,21-10-1975,Rahul_Verma@gmail.com,male,"cricket, sports, dancing",Rahul,Verma,Teacher,52
43056,31-08-1986,Suresh_Joshi@gmail.com,male,"singing,gardening,swimming",Suresh,Joshi,Dancer,53
43057,30-09-1979,Sudhanshu_Patil@gmail.com,male,"singing, dancing, travelling",Sudhanshu,Patil,Actor,54
43058,21-10-1975,Madhura_Kanekar@gmail.com,female,"cricket, gardening, dancing",Madhura,Kanekar,Banker,55
43059,21-08-1986,Meera_Kale@gmail.com,female,"photography,gardening,swimming",Meera,Kale,Salesman,56
43060,26-06-1965,Meher_Puri@gmail.com,female,"singing, acting, travelling, photography, cricket",Meher,Puri,Student,57
43061,14-06-1980,Megha_Sangale@gmail.com,female,"cricket, gardening, sports, dancing",Megha,Sangale,CA,58
43062,17-12-1975,Neera_Jadhav@gmail.com,female,"singing, sports, travelling",Neera,Jadhav,Singer,59
43063,09-09-1982,Max_Yadav@gmail.com,male,"singing, fishing, cricket,swimming",Max,Yadav,Doctor,22
43064,15-12-1982,Robort_Patil@gmail.com,male,"singing, sports, travelling",Robort,Patil,Dancer,23
43065,05-11-1975,Ram_Bendale@gmail.com,male,"cricket, sports, dancing",Ram,Bendale,Singer,24
43066,15-09-1986,Sham_Khanna@gmail.com,male,"singing,gardening,swimming",Sham,Khanna,Doctor,25
43067,15-10-1979,Seeta_Mishra@gmail.com,female,"singing, dancing, travelling",Seeta,Mishra,Doctor,26
43068,05-11-1975,Geeta_Matthew@gmail.com,female,"cricket, gardening, dancing",Geeta,Matthew,CA,27
43069,05-09-1986,Ajay_Verma@gmail.com,male,"photography,gardening,swimming",Ajay,Verma,Doctor,28
43070,11-07-1965,Vijay_John@gmail.com,male,"singing, acting, travelling, photography, cricket",Vijay,John,Photographer,29
43071,24-06-1980,Meeta_Geet@gmail.com,female,"cricket, gardening, sports, dancing",Meeta,Geet,Engineer,30
43072,27-12-1975,Rutuja_Nayak@gmail.com,female,"singing, sports, travelling",Rutuja,Nayak,Shopkeeper,31
43073,19-09-1982,Harshad_John@gmail.com,male,"singing, fishing, cricket,swimming",Harshad,John,Businessman,32
43074,25-12-1982,Aloka_Gill@gmail.com,female,"singing, sports, travelling",Aloka,Gill,Worker,33
43075,15-11-1975,Mitali_Sharma@gmail.com,female,"cricket, sports, dancing",Mitali,Sharma,Teacher,51
43076,25-09-1986,Shweta_Verma@gmail.com,female,"singing,gardening,swimming",Shweta,Verma,Dancer,52
43077,25-10-1979,Amey_Joshi@gmail.com,male,"singing, dancing, travelling",Amey,Joshi,Actor,53
43078,15-11-1975,Sharvari_Patil@gmail.com,female,"cricket, gardening, dancing",Sharvari,Patil,Banker,54
43079,15-09-1986,Swapna_Kanekar@gmail.com,female,"photography,gardening,swimming",Swapna,Kanekar,Salesman,55
43080,21-07-1965,Jaya_Kale@gmail.com,female,"singing, acting, travelling, photography, cricket",Jaya,Kale,Student,56
43081,23-06-1980,Rama_Puri@gmail.com,female,"cricket, gardening, sports, dancing",Rama,Puri,CA,57
43082,26-12-1975,Ketaki_Sangale@gmail.com,female,"singing, sports, travelling",Ketaki,Sangale,Singer,58
43083,18-09-1982,Rajesh_Jadhav@gmail.com,male,"singing, fishing, cricket,swimming",Rajesh,Jadhav,Doctor,59
43084,24-12-1982,Mahesh_Yadav@gmail.com,male,"singing, sports, travelling",Mahesh,Yadav,Dancer,22
43085,14-11-1975,Ganesh_Patil@gmail.com,male,"cricket, sports, dancing",Ganesh,Patil,Singer,23
43086,24-09-1986,Meera_Bendale@gmail.com,female,"singing,gardening,swimming",Meera,Bendale,Doctor,24
43087,24-10-1979,Meher_Cheke@gmail.com,female,"singing, dancing, travelling",Meher,Cheke,Doctor,25
43088,14-11-1975,Megha_Joshi@gmail.com,female,"cricket, gardening, dancing",Megha,Joshi,CA,26
43089,14-09-1986,Neera_Galgali@gmail.com,female,"photography,gardening,swimming",Neera,Galgali,Doctor,42
43090,20-07-1965,Max_Mehra@gmail.com,male,"singing, acting, travelling, photography, cricket",Max,Mehra,Photographer,43
43091,03-07-1980,Robort_Patidar@gmail.com,male,"cricket, gardening, sports, dancing",Robort,Patidar,Engineer,44
43092,05-01-1976,Ram_Sharma@gmail.com,male,"singing, sports, travelling",Ram,Sharma,Shopkeeper,45
43093,28-09-1982,Sham_Verma@gmail.com,male,"singing, fishing, cricket,swimming",Sham,Verma,Businessman,46
43094,03-01-1983,Seeta_Joshi@gmail.com,female,"singing, sports, travelling",Seeta,Joshi,Worker,47
43095,24-11-1975,Geeta_Patil@gmail.com,female,"cricket, sports, dancing",Geeta,Patil,Teacher,48
43096,04-10-1986,Ajay_Kanekar@gmail.com,male,"singing,gardening,swimming",Ajay,Kanekar,Dancer,49
43097,03-11-1979,Vijay_Kale@gmail.com,male,"singing, dancing, travelling",Vijay,Kale,Actor,50
43098,24-11-1975,Meeta_Puri@gmail.com,female,"cricket, gardening, dancing",Meeta,Puri,Banker,51
43099,24-09-1986,Sonu_Sangale@gmail.com,female,"photography,gardening,swimming",Sonu,Sangale,Salesman,52
43100,30-07-1965,Gayatri_Jadhav@gmail.com,female,"singing, acting, travelling, photography, cricket",Gayatri,Jadhav,Student,53
43101,11-05-1980,Sheetal_Yadav@gmail.com,female,"cricket, gardening, sports, dancing",Sheetal,Yadav,CA,54
43102,13-11-1975,Sangeeta_Patil@gmail.com,female,"singing, fishing, cricket,swimming",Sangeeta,Patil,Singer,55
43103,06-08-1982,Vimal_Bendale@gmail.com,female,"singing, sports, travelling",Vimal,Bendale,Doctor,56
43104,11-11-1982,Hema_Cheke@gmail.com,female,"cricket, sports, dancing",Hema,Cheke,Dancer,57
43105,02-10-1975,Ashok_Joshi@gmail.com,male,"singing,gardening,swimming",Ashok,Joshi,Singer,58
43106,12-08-1986,Ashutosh_Galgali@gmail.com,male,"singing, dancing, travelling",Ashutosh,Galgali,Doctor,59
43107,11-09-1979,Renuka_Mehra@gmail.com,female,"cricket, gardening, dancing",Renuka,Mehra,Doctor,25
43108,02-10-1975,Kaustubh _Patidar@gmail.com,male,"photography,gardening,swimming",Kaustubh ,Patidar,CA,26
43109,02-08-1986,Manisha_Wadkar@gmail.com,female,"singing, acting, travelling, photography, cricket",Manisha,Wadkar,Doctor,27
43110,07-06-1965,Rahul_Mainkar@gmail.com,male,"cricket, gardening, sports, dancing",Rahul,Mainkar,Photographer,28
43111,21-05-1980,Suresh_Jaykar@gmail.com,male,"singing, sports, travelling",Suresh,Jaykar,Engineer,29
43112,23-11-1975,Sudhanshu_Verma@gmail.com,male,"cricket, sports, dancing",Sudhanshu,Verma,Shopkeeper,30
43113,16-08-1982,Madhura_Joshi@gmail.com,female,"singing,gardening,swimming",Madhura,Joshi,Businessman,31
43114,21-11-1982,Meera_Patil@gmail.com,female,"singing, dancing, travelling",Meera,Patil,Worker,32
43115,12-10-1975,Meher_Kanekar@gmail.com,female,"photography,gardening,swimming",Meher,Kanekar,Teacher,33
43116,22-08-1986,Megha_Kale@gmail.com,female,"singing, acting, travelling, photography, cricket",Megha,Kale,Dancer,34
43117,21-09-1979,Neera_Puri@gmail.com,female,"cricket, gardening, sports, dancing",Neera,Puri,Actor,35
43118,12-10-1975,Max_Sangale@gmail.com,male,"singing, sports, travelling",Max,Sangale,Banker,36
43119,12-08-1986,Robort_Jadhav@gmail.com,male,"photography,gardening,swimming",Robort,Jadhav,Salesman,37
43120,17-06-1965,Ram_Yadav@gmail.com,male,"singing, acting, travelling, photography, cricket",Ram,Yadav,Student,38
43121,20-05-1980,Sham_Patil@gmail.com,male,"cricket, gardening, sports, dancing",Sham,Patil,CA,39
43122,22-11-1975,Seeta_Bendale@gmail.com,female,"singing, sports, travelling",Seeta,Bendale,Singer,40
43123,15-08-1982,Geeta_Cheke@gmail.com,female,"singing, fishing, cricket,swimming",Geeta,Cheke,Doctor,25
43124,20-11-1982,Ajay_Joshi@gmail.com,male,"singing, sports, travelling",Ajay,Joshi,Dancer,26
43125,11-10-1975,Vijay_Galgali@gmail.com,male,"cricket, sports, dancing",Vijay,Galgali,Singer,27
43126,21-08-1986,Meeta_Mehra@gmail.com,female,"singing,gardening,swimming",Meeta,Mehra,Doctor,28
43127,20-09-1979,Rutuja_Patidar@gmail.com,female,"singing, dancing, travelling",Rutuja,Patidar,Doctor,29
43128,11-10-1975,Harshad_Wadkar@gmail.com,male,"cricket, gardening, dancing",Harshad,Wadkar,CA,30
43129,11-08-1986,Aloka_Mainkar@gmail.com,female,"photography,gardening,swimming",Aloka,Mainkar,Doctor,31
43130,16-06-1965,Mitali_Jaykar@gmail.com,female,"singing, acting, travelling, photography, cricket",Mitali,Jaykar,Photographer,32
43131,30-05-1980,Shweta_Khanna@gmail.com,female,"cricket, gardening, sports, dancing",Shweta,Khanna,Engineer,33
43132,02-12-1975,Amey_Mishra@gmail.com,male,"singing, sports, travelling",Amey,Mishra,Shopkeeper,34
43133,25-08-1982,Sharvari_Matthew@gmail.com,female,"singing, fishing, cricket,swimming",Sharvari,Matthew,Businessman,35
43134,30-11-1982,Swapna_Verma@gmail.com,female,"singing, sports, travelling",Swapna,Verma,Worker,36
43135,21-10-1975,Jaya_John@gmail.com,female,"cricket, sports, dancing",Jaya,John,Teacher,37
43136,31-08-1986,Rama_Geet@gmail.com,female,"singing,gardening,swimming",Rama,Geet,Dancer,38
43137,30-09-1979,Ketaki_Nayak@gmail.com,female,"singing, dancing, travelling",Ketaki,Nayak,Actor,39
43138,21-10-1975,Rajesh_John@gmail.com,male,"cricket, gardening, dancing",Rajesh,John,Banker,40
43139,21-08-1986,Mahesh_Gill@gmail.com,male,"photography,gardening,swimming",Mahesh,Gill,Salesman,41
43140,26-06-1965,Ganesh_Sharma@gmail.com,male,"singing, acting, travelling, photography, cricket",Ganesh,Sharma,Student,42
43141,14-06-1980,Meera_Verma@gmail.com,female,"cricket, gardening, sports, dancing",Meera,Verma,CA,43
43142,17-12-1975,Meher_Joshi@gmail.com,female,"singing, sports, travelling",Meher,Joshi,Singer,44
43143,09-09-1982,Megha_Patil@gmail.com,female,"singing, sports, travelling",Megha,Patil,Doctor,18
43144,15-12-1982,Neera_Kanekar@gmail.com,female,"singing, fishing, cricket,swimming",Neera,Kanekar,Dancer,19
43145,05-11-1975,Max_Kale@gmail.com,male,"singing, sports, travelling",Max,Kale,Singer,20
43146,15-09-1986,Robort_Puri@gmail.com,male,"cricket, sports, dancing",Robort,Puri,Doctor,21
43147,15-10-1979,Ram_Sangale@gmail.com,male,"singing,gardening,swimming",Ram,Sangale,Doctor,22
43148,05-11-1975,Sham_Jadhav@gmail.com,male,"singing, dancing, travelling",Sham,Jadhav,CA,23
43149,05-09-1986,Seeta_Yadav@gmail.com,female,"cricket, gardening, dancing",Seeta,Yadav,Doctor,24
43150,11-07-1965,Geeta_Patil@gmail.com,female,"photography,gardening,swimming",Geeta,Patil,Photographer,25
43151,24-06-1980,Ajay_Bendale@gmail.com,male,"singing, acting, travelling, photography, cricket",Ajay,Bendale,Engineer,26
43152,27-12-1975,Vijay_Bhandari@gmail.com,male,"cricket, gardening, sports, dancing",Vijay,Bhandari,Shopkeeper,27
43153,19-09-1982,Meeta_Jaykar@gmail.com,female,"singing, sports, travelling",Meeta,Jaykar,Businessman,28
43154,25-12-1982,Sonu_Varpe@gmail.com,female,"singing, fishing, cricket,swimming",Sonu,Varpe,Worker,29
43155,15-11-1975,Gayatri_Singh@gmail.com,female,"singing, sports, travelling",Gayatri,Singh,Teacher,30
43156,25-09-1986,Sheetal_Pitkar@gmail.com,female,"cricket, sports, dancing",Sheetal,Pitkar,Dancer,31
43157,25-10-1979,Sangeeta_Mithari@gmail.com,female,"singing,gardening,swimming",Sangeeta,Mithari,Actor,32
43158,15-11-1975,Vimal_Gosavi@gmail.com,female,"singing, dancing, travelling",Vimal,Gosavi,Banker,33
43159,15-09-1986,Hema_Khande@gmail.com,female,"cricket, gardening, dancing",Hema,Khande,Salesman,34
43160,21-07-1965,Ashok_Kale@gmail.com,male,"photography,gardening,swimming",Ashok,Kale,Student,35
43161,23-06-1980,Ashutosh_Puri@gmail.com,male,"singing, acting, travelling, photography, cricket",Ashutosh,Puri,CA,36
43162,26-12-1975,Renuka_Sangale@gmail.com,female,"cricket, gardening, sports, dancing",Renuka,Sangale,Singer,37
43163,18-09-1982,Kaustubh _Jadhav@gmail.com,male,"singing, sports, travelling",Kaustubh ,Jadhav,Doctor,38
43164,24-12-1982,Manisha_Yadav@gmail.com,female,"singing, fishing, cricket,swimming",Manisha,Yadav,Dancer,39
43165,14-11-1975,Rahul_Patil@gmail.com,male,"singing, sports, travelling",Rahul,Patil,Singer,40
43166,24-09-1986,Suresh_Bendale@gmail.com,male,"cricket, sports, dancing",Suresh,Bendale,Doctor,41
43167,24-10-1979,Sudhanshu_Bhandari@gmail.com,male,"singing,gardening,swimming",Sudhanshu,Bhandari,Doctor,42
43168,14-11-1975,Madhura_Jaykar@gmail.com,female,"singing, dancing, travelling",Madhura,Jaykar,CA,43
43169,14-09-1986,Meera_Varpe@gmail.com,female,"cricket, gardening, dancing",Meera,Varpe,Doctor,44
43170,20-07-1965,Meher_Singh@gmail.com,female,"photography,gardening,swimming",Meher,Singh,Photographer,45
43171,03-07-1980,Megha_Pitkar@gmail.com,female,"singing, acting, travelling, photography, cricket",Megha,Pitkar,Engineer,46
43172,05-01-1976,Neera_Mithari@gmail.com,female,"cricket, gardening, sports, dancing",Neera,Mithari,Shopkeeper,47
43173,28-09-1982,Max_Gosavi@gmail.com,male,"singing, sports, travelling",Max,Gosavi,Businessman,48
43174,03-01-1983,Robort_Khande@gmail.com,male,"singing, fishing, cricket,swimming",Robort,Khande,Worker,49
43175,24-11-1975,Ram_Khanna@gmail.com,male,"singing, sports, travelling",Ram,Khanna,Teacher,50
43176,04-10-1986,Sham_Mishra@gmail.com,male,"cricket, sports, dancing",Sham,Mishra,Dancer,51
43177,03-11-1979,Seeta_Matthew@gmail.com,female,"singing,gardening,swimming",Seeta,Matthew,Actor,52
43178,24-11-1975,Geeta_Verma@gmail.com,female,"singing, dancing, travelling",Geeta,Verma,Banker,53
43179,24-09-1986,Ajay_John@gmail.com,male,"cricket, gardening, dancing",Ajay,John,Salesman,54
43180,30-07-1965,Vijay_Geet@gmail.com,male,"photography,gardening,swimming",Vijay,Geet,Student,55
43181,26-12-1975,Meeta_Nayak@gmail.com,female,"singing, acting, travelling, photography, cricket",Meeta,Nayak,CA,56
43182,18-09-1982,Rutuja_John@gmail.com,female,"cricket, gardening, sports, dancing",Rutuja,John,Singer,57
43183,24-12-1982,Harshad_Gill@gmail.com,male,"singing, sports, travelling",Harshad,Gill,Doctor,58
43184,14-11-1975,Aloka_Sharma@gmail.com,female,"singing, fishing, cricket,swimming",Aloka,Sharma,Dancer,59
43185,24-09-1986,Mitali_Verma@gmail.com,female,"singing, sports, travelling",Mitali,Verma,Singer,22
43186,24-10-1979,Shweta_Joshi@gmail.com,female,"cricket, sports, dancing",Shweta,Joshi,Doctor,23
43187,14-11-1975,Amey_Patil@gmail.com,male,"singing,gardening,swimming",Amey,Patil,Doctor,24
43188,14-09-1986,Sharvari_Kanekar@gmail.com,female,"singing, dancing, travelling",Sharvari,Kanekar,CA,25
43189,20-07-1965,Swapna_Kale@gmail.com,female,"cricket, gardening, dancing",Swapna,Kale,Doctor,26
43190,03-07-1980,Jaya_Puri@gmail.com,female,"photography,gardening,swimming",Jaya,Puri,Photographer,27
43191,05-01-1976,Rama_Sangale@gmail.com,female,"singing, acting, travelling, photography, cricket",Rama,Sangale,Engineer,28
43192,28-09-1982,Ketaki_Jadhav@gmail.com,female,"cricket, gardening, sports, dancing",Ketaki,Jadhav,Shopkeeper,29
43193,03-01-1983,Rajesh_Yadav@gmail.com,male,"singing, sports, travelling",Rajesh,Yadav,Businessman,30
43194,24-11-1975,Mahesh_Patil@gmail.com,male,"singing, fishing, cricket,swimming",Mahesh,Patil,Worker,31
43195,04-10-1986,Ganesh_Bendale@gmail.com,male,"singing, sports, travelling",Ganesh,Bendale,Teacher,32
43196,03-11-1979,Meera_Khanna@gmail.com,female,"cricket, sports, dancing",Meera,Khanna,Dancer,33
43197,24-11-1975,Meher_Mishra@gmail.com,female,"singing,gardening,swimming",Meher,Mishra,Actor,51
43198,24-09-1986,Megha_Matthew@gmail.com,female,"singing, dancing, travelling",Megha,Matthew,Banker,52
43199,30-07-1965,Neera_Verma@gmail.com,female,"cricket, gardening, dancing",Neera,Verma,Salesman,53
43200,11-05-1980,Max_John@gmail.com,male,"photography,gardening,swimming",Max,John,Student,54
43201,13-11-1975,Robort_Geet@gmail.com,male,"singing, acting, travelling, photography, cricket",Robort,Geet,CA,55
43202,06-08-1982,Ram_Nayak@gmail.com,male,"cricket, gardening, sports, dancing",Ram,Nayak,Singer,56
43203,11-11-1982,Sham_John@gmail.com,male,"singing, fishing, cricket,swimming",Sham,John,Doctor,57
43204,02-10-1975,Seeta_Gill@gmail.com,female,"singing, sports, travelling",Seeta,Gill,Dancer,58
43205,12-08-1986,Geeta_Sharma@gmail.com,female,"cricket, sports, dancing",Geeta,Sharma,Singer,59
43206,11-09-1979,Ajay_Verma@gmail.com,male,"singing,gardening,swimming",Ajay,Verma,Doctor,22
43207,02-10-1975,Vijay_Joshi@gmail.com,male,"singing, dancing, travelling",Vijay,Joshi,Doctor,23
43208,02-08-1986,Meeta_Patil@gmail.com,female,"cricket, gardening, dancing",Meeta,Patil,CA,24
43209,07-06-1965,Sonu_Kanekar@gmail.com,female,"photography,gardening,swimming",Sonu,Kanekar,Doctor,25
43210,21-05-1980,Gayatri_Kale@gmail.com,female,"singing, acting, travelling, photography, cricket",Gayatri,Kale,Photographer,26
43211,23-11-1975,Sheetal_Puri@gmail.com,female,"cricket, gardening, sports, dancing",Sheetal,Puri,Engineer,42
43212,16-08-1982,Sangeeta_Sangale@gmail.com,female,"singing, sports, travelling",Sangeeta,Sangale,Shopkeeper,43
43213,21-11-1982,Vimal_Jadhav@gmail.com,female,"cricket, sports, dancing",Vimal,Jadhav,Businessman,44
43214,12-10-1975,Hema_Yadav@gmail.com,female,"singing,gardening,swimming",Hema,Yadav,Worker,45
43215,22-08-1986,Ashok_Patil@gmail.com,male,"singing, dancing, travelling",Ashok,Patil,Teacher,46
43216,21-09-1979,Ashutosh_Bendale@gmail.com,male,"photography,gardening,swimming",Ashutosh,Bendale,Dancer,47
43217,12-10-1975,Renuka_Cheke@gmail.com,female,"singing, acting, travelling, photography, cricket",Renuka,Cheke,Actor,48
43218,12-08-1986,Kaustubh _Joshi@gmail.com,male,"cricket, gardening, sports, dancing",Kaustubh ,Joshi,Banker,49
43219,17-06-1965,Manisha_Galgali@gmail.com,female,"singing, sports, travelling",Manisha,Galgali,Salesman,50
43220,20-05-1980,Rahul_Mehra@gmail.com,male,"photography,gardening,swimming",Rahul,Mehra,Student,51
43221,26-12-1975,Suresh_Patidar@gmail.com,male,"singing, acting, travelling, photography, cricket",Suresh,Patidar,CA,52
43222,18-09-1982,Sudhanshu_Sharma@gmail.com,male,"cricket, gardening, sports, dancing",Sudhanshu,Sharma,Singer,53
43223,24-12-1982,Madhura_Verma@gmail.com,female,"singing, sports, travelling",Madhura,Verma,Doctor,54
43224,14-11-1975,Meera_Joshi@gmail.com,female,"singing, fishing, cricket,swimming",Meera,Joshi,Dancer,55
43225,24-09-1986,Meher_Patil@gmail.com,female,"singing, sports, travelling",Meher,Patil,Singer,56
43226,24-10-1979,Megha_Kanekar@gmail.com,female,"cricket, sports, dancing",Megha,Kanekar,Doctor,57
43227,14-11-1975,Neera_Kale@gmail.com,female,"singing,gardening,swimming",Neera,Kale,Doctor,58
43228,14-09-1986,Max_Puri@gmail.com,male,"singing, dancing, travelling",Max,Puri,CA,59
43229,20-07-1965,Robort_Sangale@gmail.com,male,"cricket, gardening, dancing",Robort,Sangale,Doctor,25
43230,03-07-1980,Ram_Jadhav@gmail.com,male,"photography,gardening,swimming",Ram,Jadhav,Photographer,26
43231,05-01-1976,Sham_Yadav@gmail.com,male,"singing, acting, travelling, photography, cricket",Sham,Yadav,Engineer,27
43232,28-09-1982,Seeta_Patil@gmail.com,female,"cricket, gardening, sports, dancing",Seeta,Patil,Shopkeeper,28
43233,03-01-1983,Geeta_Bendale@gmail.com,female,"singing, sports, travelling",Geeta,Bendale,Businessman,29
43234,24-11-1975,Ajay_Cheke@gmail.com,male,"singing, fishing, cricket,swimming",Ajay,Cheke,Worker,30
43235,04-10-1986,Vijay_Joshi@gmail.com,male,"singing, sports, travelling",Vijay,Joshi,Teacher,31
43236,03-11-1979,Meeta_Galgali@gmail.com,female,"cricket, sports, dancing",Meeta,Galgali,Dancer,32
43237,24-11-1975,Rutuja_Mehra@gmail.com,female,"singing,gardening,swimming",Rutuja,Mehra,Actor,33
43238,24-09-1986,Harshad_Patidar@gmail.com,male,"singing, dancing, travelling",Harshad,Patidar,Banker,34
43239,30-07-1965,Aloka_Wadkar@gmail.com,female,"cricket, gardening, dancing",Aloka,Wadkar,Salesman,35
43240,11-05-1980,Mitali_Mainkar@gmail.com,female,"photography,gardening,swimming",Mitali,Mainkar,Student,36
43241,13-11-1975,Shweta_Jaykar@gmail.com,female,"singing, acting, travelling, photography, cricket",Shweta,Jaykar,CA,37
43242,06-08-1982,Amey_Verma@gmail.com,male,"cricket, gardening, sports, dancing",Amey,Verma,Singer,38
43243,11-11-1982,Sharvari_Joshi@gmail.com,female,"singing, sports, travelling",Sharvari,Joshi,Doctor,39
43244,02-10-1975,Swapna_Patil@gmail.com,female,"singing, sports, travelling",Swapna,Patil,Dancer,40
43245,12-08-1986,Jaya_Kanekar@gmail.com,female,"singing, fishing, cricket,swimming",Jaya,Kanekar,Singer,25
43246,11-09-1979,Rama_Kale@gmail.com,female,"singing, sports, travelling",Rama,Kale,Doctor,26
43247,02-10-1975,Ketaki_Puri@gmail.com,female,"cricket, sports, dancing",Ketaki,Puri,Doctor,27
43248,02-08-1986,Rajesh_Sangale@gmail.com,male,"singing,gardening,swimming",Rajesh,Sangale,CA,28
43249,07-06-1965,Mahesh_Jadhav@gmail.com,male,"singing, dancing, travelling",Mahesh,Jadhav,Doctor,29
43250,21-05-1980,Ganesh_Yadav@gmail.com,male,"cricket, gardening, dancing",Ganesh,Yadav,Photographer,30
43251,23-11-1975,Meera_Patil@gmail.com,female,"photography,gardening,swimming",Meera,Patil,Engineer,31
43252,16-08-1982,Meher_Bendale@gmail.com,female,"singing, acting, travelling, photography, cricket",Meher,Bendale,Shopkeeper,32
43253,21-11-1982,Megha_Cheke@gmail.com,female,"cricket, gardening, sports, dancing",Megha,Cheke,Businessman,33
43254,12-10-1975,Neera_Joshi@gmail.com,female,"singing, sports, travelling",Neera,Joshi,Worker,34
43255,22-08-1986,Max_Galgali@gmail.com,male,"singing, fishing, cricket,swimming",Max,Galgali,Teacher,35
43256,21-09-1979,Robort_Mehra@gmail.com,male,"singing, sports, travelling",Robort,Mehra,Dancer,36
43257,12-10-1975,Ram_Patidar@gmail.com,male,"cricket, sports, dancing",Ram,Patidar,Actor,37
43258,12-08-1986,Sham_Wadkar@gmail.com,male,"singing,gardening,swimming",Sham,Wadkar,Banker,38
43259,17-06-1965,Seeta_Mainkar@gmail.com,female,"singing, dancing, travelling",Seeta,Mainkar,Salesman,39
43260,20-05-1980,Geeta_Jaykar@gmail.com,female,"cricket, gardening, dancing",Geeta,Jaykar,Student,40
43261,26-12-1975,Ajay_Sangale@gmail.com,male,"photography,gardening,swimming",Ajay,Sangale,CA,41
43262,18-09-1982,Vijay_Jadhav@gmail.com,male,"singing, acting, travelling, photography, cricket",Vijay,Jadhav,Singer,42
43263,24-12-1982,Meeta_Yadav@gmail.com,female,"cricket, gardening, sports, dancing",Meeta,Yadav,Doctor,43
43264,14-11-1975,Sonu_Patil@gmail.com,female,"singing, sports, travelling",Sonu,Patil,Dancer,44
43265,24-09-1986,Gayatri_Bendale@gmail.com,female,"singing, fishing, cricket,swimming",Gayatri,Bendale,Singer,18
43266,24-10-1979,Sheetal_Cheke@gmail.com,female,"singing, sports, travelling",Sheetal,Cheke,Doctor,19
43267,14-11-1975,Sangeeta_Joshi@gmail.com,female,"cricket, sports, dancing",Sangeeta,Joshi,Doctor,20
43268,14-09-1986,Vimal_Galgali@gmail.com,female,"singing,gardening,swimming",Vimal,Galgali,CA,21
43269,20-07-1965,Hema_Mehra@gmail.com,female,"singing, dancing, travelling",Hema,Mehra,Doctor,22
43270,03-07-1980,Ashok_Patidar@gmail.com,male,"cricket, gardening, dancing",Ashok,Patidar,Photographer,23
43271,05-01-1976,Ashutosh_Wadkar@gmail.com,male,"photography,gardening,swimming",Ashutosh,Wadkar,Engineer,24
43272,28-09-1982,Renuka_Mainkar@gmail.com,female,"singing, acting, travelling, photography, cricket",Renuka,Mainkar,Shopkeeper,25
43273,03-01-1983,Kaustubh _Jaykar@gmail.com,male,"cricket, gardening, sports, dancing",Kaustubh ,Jaykar,Businessman,26
43274,24-11-1975,Manisha_Khanna@gmail.com,female,"singing, sports, travelling",Manisha,Khanna,Worker,27
43275,04-10-1986,Rahul_Mishra@gmail.com,male,"singing, fishing, cricket,swimming",Rahul,Mishra,Teacher,28
43276,03-11-1979,Suresh_Matthew@gmail.com,male,"singing, sports, travelling",Suresh,Matthew,Dancer,29
43277,24-11-1975,Sudhanshu_Verma@gmail.com,male,"cricket, sports, dancing",Sudhanshu,Verma,Actor,30
43278,24-09-1986,Madhura_John@gmail.com,female,"singing,gardening,swimming",Madhura,John,Banker,31
43279,30-07-1965,Meera_Geet@gmail.com,female,"singing, dancing, travelling",Meera,Geet,Salesman,32
43280,11-05-1980,Meher_Nayak@gmail.com,female,"cricket, gardening, dancing",Meher,Nayak,Student,33
43281,13-11-1975,Megha_John@gmail.com,female,"photography,gardening,swimming",Megha,John,CA,34
43282,06-08-1982,Neera_Gill@gmail.com,female,"singing, acting, travelling, photography, cricket",Neera,Gill,Singer,35
43283,11-11-1982,Max_Sharma@gmail.com,male,"cricket, gardening, sports, dancing",Max,Sharma,Doctor,36
43284,02-10-1975,Robort_Verma@gmail.com,male,"singing, sports, travelling",Robort,Verma,Dancer,37
43285,12-08-1986,Ram_Joshi@gmail.com,male,"singing, fishing, cricket,swimming",Ram,Joshi,Singer,38
43286,11-09-1979,Sham_Patil@gmail.com,male,"singing, sports, travelling",Sham,Patil,Doctor,39
43287,02-10-1975,Seeta_Kanekar@gmail.com,female,"cricket, sports, dancing",Seeta,Kanekar,Doctor,40
43288,02-08-1986,Geeta_Kale@gmail.com,female,"singing,gardening,swimming",Geeta,Kale,CA,41
43289,07-06-1965,Ajay_Puri@gmail.com,male,"singing, dancing, travelling",Ajay,Puri,Doctor,42
43290,21-05-1980,Vijay_Sangale@gmail.com,male,"cricket, gardening, dancing",Vijay,Sangale,Photographer,43
43291,23-11-1975,Meeta_Jadhav@gmail.com,female,"photography,gardening,swimming",Meeta,Jadhav,Engineer,44
43292,16-08-1982,Rutuja_Yadav@gmail.com,female,"singing, acting, travelling, photography, cricket",Rutuja,Yadav,Shopkeeper,45
43293,21-11-1982,Harshad_Patil@gmail.com,male,"cricket, gardening, sports, dancing",Harshad,Patil,Businessman,46
43294,12-10-1975,Aloka_Bendale@gmail.com,female,"singing, sports, travelling",Aloka,Bendale,Worker,47
43295,22-08-1986,Mitali_Bhandari@gmail.com,female,"singing, fishing, cricket,swimming",Mitali,Bhandari,Teacher,48
43296,21-09-1979,Shweta_Jaykar@gmail.com,female,"singing, sports, travelling",Shweta,Jaykar,Dancer,49
43297,12-10-1975,Amey_Varpe@gmail.com,male,"cricket, sports, dancing",Amey,Varpe,Actor,50
43298,12-08-1986,Sharvari_Singh@gmail.com,female,"singing,gardening,swimming",Sharvari,Singh,Banker,51
43299,17-06-1965,Swapna_Pitkar@gmail.com,female,"singing, dancing, travelling",Swapna,Pitkar,Salesman,52
43300,20-05-1980,Jaya_Mithari@gmail.com,female,"cricket, gardening, dancing",Jaya,Mithari,Student,53
43301,21-10-1975,Rama_Gosavi@gmail.com,female,"photography,gardening,swimming",Rama,Gosavi,CA,54
43302,31-08-1986,Ketaki_Khande@gmail.com,female,"singing, acting, travelling, photography, cricket",Ketaki,Khande,Singer,55
43303,30-09-1979,Rajesh_Kale@gmail.com,male,"cricket, gardening, sports, dancing",Rajesh,Kale,Doctor,56
43304,21-10-1975,Mahesh_Puri@gmail.com,male,"singing, fishing, cricket,swimming",Mahesh,Puri,Dancer,57
43305,21-08-1986,Ganesh_Sangale@gmail.com,male,"singing, sports, travelling",Ganesh,Sangale,Singer,58
43306,26-06-1965,Meera_Sangale@gmail.com,female,"cricket, sports, dancing",Meera,Sangale,Doctor,59
43307,14-06-1980,Meher_Jadhav@gmail.com,female,"singing,gardening,swimming",Meher,Jadhav,Doctor,22
43308,17-12-1975,Megha_Yadav@gmail.com,female,"singing, dancing, travelling",Megha,Yadav,CA,23
43309,09-09-1982,Neera_Patil@gmail.com,female,"cricket, gardening, dancing",Neera,Patil,Doctor,24
43310,15-12-1982,Max_Bendale@gmail.com,male,"photography,gardening,swimming",Max,Bendale,Photographer,25
43311,05-11-1975,Robort_Cheke@gmail.com,male,"singing, acting, travelling, photography, cricket",Robort,Cheke,Engineer,26
43312,15-09-1986,Ram_Joshi@gmail.com,male,"cricket, gardening, sports, dancing",Ram,Joshi,Shopkeeper,27
43313,15-10-1979,Sham_Galgali@gmail.com,male,"singing, sports, travelling",Sham,Galgali,Businessman,28
43314,05-11-1975,Seeta_Mehra@gmail.com,female,"cricket, sports, dancing",Seeta,Mehra,Worker,29
43315,05-09-1986,Geeta_Patidar@gmail.com,female,"singing,gardening,swimming",Geeta,Patidar,Teacher,30
43316,11-07-1965,Ajay_Wadkar@gmail.com,male,"singing, dancing, travelling",Ajay,Wadkar,Dancer,31
43317,24-06-1980,Vijay_Mainkar@gmail.com,male,"photography,gardening,swimming",Vijay,Mainkar,Actor,32
43318,27-12-1975,Meeta_Jaykar@gmail.com,female,"singing, acting, travelling, photography, cricket",Meeta,Jaykar,Banker,33
43319,19-09-1982,Sonu_Khanna@gmail.com,female,"cricket, gardening, sports, dancing",Sonu,Khanna,Salesman,51
43320,25-12-1982,Gayatri_Mishra@gmail.com,female,"singing, sports, travelling",Gayatri,Mishra,Student,52
43321,15-11-1975,Sheetal_Matthew@gmail.com,female,"photography,gardening,swimming",Sheetal,Matthew,CA,53
43322,25-09-1986,Sangeeta_Verma@gmail.com,female,"singing, acting, travelling, photography, cricket",Sangeeta,Verma,Singer,54
43323,25-10-1979,Vimal_John@gmail.com,female,"cricket, gardening, sports, dancing",Vimal,John,Doctor,55
43324,15-11-1975,Hema_Geet@gmail.com,female,"singing, sports, travelling",Hema,Geet,Dancer,56
43325,15-09-1986,Ashok_Nayak@gmail.com,male,"singing, fishing, cricket,swimming",Ashok,Nayak,Singer,57
43326,21-07-1965,Ashutosh_John@gmail.com,male,"singing, sports, travelling",Ashutosh,John,Doctor,58
43327,23-06-1980,Renuka_Gill@gmail.com,female,"cricket, sports, dancing",Renuka,Gill,Doctor,59
43328,26-12-1975,Kaustubh _Sharma@gmail.com,male,"singing,gardening,swimming",Kaustubh ,Sharma,CA,22
43329,18-09-1982,Manisha_Verma@gmail.com,female,"singing, dancing, travelling",Manisha,Verma,Doctor,23
43330,24-12-1982,Rahul_Joshi@gmail.com,male,"cricket, gardening, dancing",Rahul,Joshi,Photographer,24
43331,14-11-1975,Suresh_Patil@gmail.com,male,"photography,gardening,swimming",Suresh,Patil,Engineer,25
43332,24-09-1986,Sudhanshu_Kanekar@gmail.com,male,"singing, acting, travelling, photography, cricket",Sudhanshu,Kanekar,Shopkeeper,26
43333,24-10-1979,Madhura_Kale@gmail.com,female,"cricket, gardening, sports, dancing",Madhura,Kale,Businessman,42
43334,14-11-1975,Meera_Puri@gmail.com,female,"singing, sports, travelling",Meera,Puri,Worker,43
43335,14-09-1986,Meher_Sangale@gmail.com,female,"singing, fishing, cricket,swimming",Meher,Sangale,Teacher,44
43336,20-07-1965,Megha_Jadhav@gmail.com,female,"singing, sports, travelling",Megha,Jadhav,Dancer,45
43337,03-07-1980,Neera_Yadav@gmail.com,female,"cricket, sports, dancing",Neera,Yadav,Actor,46
43338,05-01-1976,Max_Patil@gmail.com,male,"singing,gardening,swimming",Max,Patil,Banker,47
43339,28-09-1982,Robort_Bendale@gmail.com,male,"singing, dancing, travelling",Robort,Bendale,Salesman,48
43340,03-01-1983,Ram_Bhandari@gmail.com,male,"cricket, gardening, dancing",Ram,Bhandari,Student,49
43341,24-11-1975,Sham_Jaykar@gmail.com,male,"photography,gardening,swimming",Sham,Jaykar,CA,50
43342,04-10-1986,Seeta_Varpe@gmail.com,female,"singing, acting, travelling, photography, cricket",Seeta,Varpe,Singer,51
43343,03-11-1979,Geeta_Singh@gmail.com,female,"cricket, gardening, sports, dancing",Geeta,Singh,Doctor,52
43344,24-11-1975,Ajay_Pitkar@gmail.com,male,"singing, sports, travelling",Ajay,Pitkar,Dancer,53
43345,24-09-1986,Vijay_Mithari@gmail.com,male,"singing, sports, travelling",Vijay,Mithari,Singer,54
43346,30-07-1965,Meeta_Gosavi@gmail.com,female,"singing, fishing, cricket,swimming",Meeta,Gosavi,Doctor,55
43347,11-05-1980,Rutuja_Khande@gmail.com,female,"singing, sports, travelling",Rutuja,Khande,Doctor,56
43348,13-11-1975,Harshad_Kale@gmail.com,male,"cricket, sports, dancing",Harshad,Kale,CA,57
43349,06-08-1982,Aloka_Puri@gmail.com,female,"singing,gardening,swimming",Aloka,Puri,Doctor,58
43350,11-11-1982,Mitali_Sangale@gmail.com,female,"singing, dancing, travelling",Mitali,Sangale,Photographer,59
43351,02-10-1975,Shweta_Bendale@gmail.com,female,"cricket, gardening, dancing",Shweta,Bendale,Engineer,25
43352,12-08-1986,Amey_Bendale@gmail.com,male,"photography,gardening,swimming",Amey,Bendale,Shopkeeper,26
43353,11-09-1979,Sharvari_Bhandari@gmail.com,female,"singing, acting, travelling, photography, cricket",Sharvari,Bhandari,Businessman,27
43354,02-10-1975,Swapna_Cheke@gmail.com,female,"cricket, gardening, sports, dancing",Swapna,Cheke,Worker,28
43355,02-08-1986,Jaya_Galgali@gmail.com,female,"singing, sports, travelling",Jaya,Galgali,Teacher,29
43356,07-06-1965,Rama_Geet@gmail.com,female,"singing, fishing, cricket,swimming",Rama,Geet,Dancer,30
43357,21-05-1980,Ketaki_Gill@gmail.com,female,"singing, sports, travelling",Ketaki,Gill,Actor,31
43358,23-11-1975,Rajesh_Gosavi@gmail.com,male,"cricket, sports, dancing",Rajesh,Gosavi,Banker,32
43359,16-08-1982,Mahesh_Jadhav@gmail.com,male,"singing,gardening,swimming",Mahesh,Jadhav,Salesman,33
43360,21-11-1982,Ganesh_Jadhav@gmail.com,male,"singing, dancing, travelling",Ganesh,Jadhav,Student,34
43361,12-10-1975,Meera_Jaykar@gmail.com,female,"cricket, gardening, dancing",Meera,Jaykar,CA,35
43362,22-08-1986,Meher_Jaykar@gmail.com,female,"photography,gardening,swimming",Meher,Jaykar,Singer,36
43363,21-09-1979,Megha_John@gmail.com,female,"singing, acting, travelling, photography, cricket",Megha,John,Doctor,37
43364,12-10-1975,Neera_John@gmail.com,female,"cricket, gardening, sports, dancing",Neera,John,Dancer,38
43365,12-08-1986,Max_Joshi@gmail.com,male,"singing, sports, travelling",Max,Joshi,Singer,39
43366,17-06-1965,Robort_Joshi@gmail.com,male,"singing, fishing, cricket,swimming",Robort,Joshi,Doctor,40
43367,20-05-1980,Ram_Kale@gmail.com,male,"singing, sports, travelling",Ram,Kale,Doctor,25
43368,22-11-1975,Sham_Kale@gmail.com,male,"cricket, sports, dancing",Sham,Kale,CA,26
43369,15-08-1982,Seeta_Kanekar@gmail.com,female,"singing,gardening,swimming",Seeta,Kanekar,Doctor,27
43370,20-11-1982,Geeta_Khande@gmail.com,female,"singing, dancing, travelling",Geeta,Khande,Photographer,28
43371,11-10-1975,Ajay_Khanna@gmail.com,male,"cricket, gardening, dancing",Ajay,Khanna,Engineer,29
43372,21-08-1986,Vijay_Mainkar@gmail.com,male,"photography,gardening,swimming",Vijay,Mainkar,Shopkeeper,30
43373,20-09-1979,Meeta_Matthew@gmail.com,female,"singing, acting, travelling, photography, cricket",Meeta,Matthew,Businessman,31
43374,11-10-1975,Sonu_Mehra@gmail.com,female,"cricket, gardening, sports, dancing",Sonu,Mehra,Worker,32
43375,11-08-1986,Gayatri_Mishra@gmail.com,female,"singing, sports, travelling",Gayatri,Mishra,Teacher,33
43376,16-06-1965,Sheetal_Mithari@gmail.com,female,"singing, fishing, cricket,swimming",Sheetal,Mithari,Dancer,34
43377,30-05-1980,Sangeeta_Nayak@gmail.com,female,"singing, sports, travelling",Sangeeta,Nayak,Actor,35
43378,02-12-1975,Vimal_Patidar@gmail.com,female,"cricket, sports, dancing",Vimal,Patidar,Banker,36
43379,25-08-1982,Hema_Patil@gmail.com,female,"singing,gardening,swimming",Hema,Patil,Salesman,37
43380,30-11-1982,Ashok_Patil@gmail.com,male,"singing, dancing, travelling",Ashok,Patil,Student,38
43381,21-10-1975,Ashutosh_Patil@gmail.com,male,"cricket, gardening, dancing",Ashutosh,Patil,CA,39
43382,31-08-1986,Renuka_Pitkar@gmail.com,female,"photography,gardening,swimming",Renuka,Pitkar,Singer,40
43383,30-09-1979,Kaustubh _Puri@gmail.com,male,"singing, acting, travelling, photography, cricket",Kaustubh ,Puri,Doctor,41
43384,21-10-1975,Manisha_Puri@gmail.com,female,"cricket, gardening, sports, dancing",Manisha,Puri,Dancer,42
43385,21-08-1986,Rahul_Sangale@gmail.com,male,"singing, sports, travelling",Rahul,Sangale,Singer,43
43386,26-06-1965,Suresh_Sangale@gmail.com,male,"singing, fishing, cricket,swimming",Suresh,Sangale,Doctor,44
43387,14-06-1980,Sudhanshu_Sangale@gmail.com,male,"singing, sports, travelling",Sudhanshu,Sangale,Doctor,18
43388,17-12-1975,Madhura_Sharma@gmail.com,female,"cricket, sports, dancing",Madhura,Sharma,CA,19
43389,09-09-1982,Meera_Singh@gmail.com,female,"singing,gardening,swimming",Meera,Singh,Doctor,20
43390,15-12-1982,Meher_Varpe@gmail.com,female,"singing, dancing, travelling",Meher,Varpe,Photographer,21
43391,05-11-1975,Megha_Verma@gmail.com,female,"cricket, gardening, dancing",Megha,Verma,Engineer,22
43392,15-09-1986,Neera_Verma@gmail.com,female,"photography,gardening,swimming",Neera,Verma,Shopkeeper,23
43393,15-10-1979,Max_Wadkar@gmail.com,male,"singing, acting, travelling, photography, cricket",Max,Wadkar,Businessman,24
43394,05-11-1975,Robort_Yadav@gmail.com,male,"cricket, gardening, sports, dancing",Robort,Yadav,Worker,25
43395,05-09-1986,Ram_Yadav@gmail.com,male,"singing, sports, travelling",Ram,Yadav,Teacher,26
43396,11-07-1965,Sham_Khanna@gmail.com,male,"singing, fishing, cricket,swimming",Sham,Khanna,Dancer,27
43397,24-06-1980,Seeta_Mishra@gmail.com,female,"singing, sports, travelling",Seeta,Mishra,Actor,28
43398,27-12-1975,Geeta_Matthew@gmail.com,female,"cricket, sports, dancing",Geeta,Matthew,Banker,29
43399,19-09-1982,Ajay_Verma@gmail.com,male,"singing,gardening,swimming",Ajay,Verma,Salesman,30
43400,25-12-1982,Vijay_John@gmail.com,male,"singing, dancing, travelling",Vijay,John,Student,31
43401,15-11-1975,Meeta_Geet@gmail.com,female,"cricket, gardening, dancing",Meeta,Geet,CA,32
43402,25-09-1986,Rutuja_Nayak@gmail.com,female,"photography,gardening,swimming",Rutuja,Nayak,Singer,33
43403,25-10-1979,Harshad_John@gmail.com,male,"singing, acting, travelling, photography, cricket",Harshad,John,Doctor,34
43404,15-11-1975,Aloka_Gill@gmail.com,female,"cricket, gardening, sports, dancing",Aloka,Gill,Dancer,35
43405,15-09-1986,Mitali_Sharma@gmail.com,female,"singing, fishing, cricket,swimming",Mitali,Sharma,Singer,36
43406,21-07-1965,Shweta_Verma@gmail.com,female,"singing, sports, travelling",Shweta,Verma,Doctor,37
43407,23-06-1980,Amey_Joshi@gmail.com,male,"cricket, sports, dancing",Amey,Joshi,Doctor,38
43408,26-12-1975,Sharvari_Patil@gmail.com,female,"singing,gardening,swimming",Sharvari,Patil,CA,39
43409,18-09-1982,Swapna_Kanekar@gmail.com,female,"singing, dancing, travelling",Swapna,Kanekar,Doctor,40
43410,24-12-1982,Jaya_Kale@gmail.com,female,"cricket, gardening, dancing",Jaya,Kale,Photographer,41
43411,14-11-1975,Rama_Puri@gmail.com,female,"photography,gardening,swimming",Rama,Puri,Engineer,42
43412,24-09-1986,Ketaki_Sangale@gmail.com,female,"singing, acting, travelling, photography, cricket",Ketaki,Sangale,Shopkeeper,43
43413,24-10-1979,Rajesh_Jadhav@gmail.com,male,"cricket, gardening, sports, dancing",Rajesh,Jadhav,Businessman,44
43414,14-11-1975,Mahesh_Yadav@gmail.com,male,"singing, sports, travelling",Mahesh,Yadav,Worker,45
43415,14-09-1986,Ganesh_Patil@gmail.com,male,"cricket, sports, dancing",Ganesh,Patil,Teacher,46
43416,21-10-1975,Meera_Bendale@gmail.com,female,"singing,gardening,swimming",Meera,Bendale,Dancer,47
43417,31-08-1986,Meher_Bhandari@gmail.com,female,"singing, dancing, travelling",Meher,Bhandari,Actor,48
43418,30-09-1979,Megha_Jaykar@gmail.com,female,"photography,gardening,swimming",Megha,Jaykar,Banker,49
43419,21-10-1975,Neera_Varpe@gmail.com,female,"singing, acting, travelling, photography, cricket",Neera,Varpe,Salesman,50
43420,21-08-1986,Max_Singh@gmail.com,male,"cricket, gardening, sports, dancing",Max,Singh,Student,51
43421,26-06-1965,Robort_Pitkar@gmail.com,male,"singing, sports, travelling",Robort,Pitkar,CA,52
43422,14-06-1980,Ram_Mithari@gmail.com,male,"photography,gardening,swimming",Ram,Mithari,Singer,53
43423,17-12-1975,Sham_Gosavi@gmail.com,male,"singing, acting, travelling, photography, cricket",Sham,Gosavi,Doctor,54
43424,09-09-1982,Seeta_Khande@gmail.com,female,"cricket, gardening, sports, dancing",Seeta,Khande,Dancer,55
43425,15-12-1982,Geeta_Kale@gmail.com,female,"singing, sports, travelling",Geeta,Kale,Singer,56
43426,05-11-1975,Ajay_Puri@gmail.com,male,"singing, fishing, cricket,swimming",Ajay,Puri,Doctor,57
43427,15-09-1986,Vijay_Sangale@gmail.com,male,"singing, sports, travelling",Vijay,Sangale,Doctor,58
43428,15-10-1979,Meeta_Jadhav@gmail.com,female,"cricket, sports, dancing",Meeta,Jadhav,CA,59
43429,05-11-1975,Sonu_Yadav@gmail.com,female,"singing,gardening,swimming",Sonu,Yadav,Doctor,22
43430,05-09-1986,Gayatri_Patil@gmail.com,female,"singing, dancing, travelling",Gayatri,Patil,Photographer,23
43431,11-07-1965,Sheetal_Bendale@gmail.com,female,"cricket, gardening, dancing",Sheetal,Bendale,Engineer,24
43432,24-06-1980,Sangeeta_Bhandari@gmail.com,female,"photography,gardening,swimming",Sangeeta,Bhandari,Shopkeeper,25
43433,27-12-1975,Vimal_Jaykar@gmail.com,female,"singing, acting, travelling, photography, cricket",Vimal,Jaykar,Businessman,26
43434,19-09-1982,Hema_Varpe@gmail.com,female,"cricket, gardening, sports, dancing",Hema,Varpe,Worker,27
43435,25-12-1982,Ashok_Singh@gmail.com,male,"singing, sports, travelling",Ashok,Singh,Teacher,28
43436,15-11-1975,Ashutosh_Pitkar@gmail.com,male,"singing, fishing, cricket,swimming",Ashutosh,Pitkar,Dancer,29
43437,25-09-1986,Renuka_Mithari@gmail.com,female,"singing, sports, travelling",Renuka,Mithari,Actor,30
43438,25-10-1979,Kaustubh _Gosavi@gmail.com,male,"cricket, sports, dancing",Kaustubh ,Gosavi,Banker,31
43439,15-11-1975,Manisha_Khande@gmail.com,female,"singing,gardening,swimming",Manisha,Khande,Salesman,32
43440,15-09-1986,Rahul_Khanna@gmail.com,male,"singing, dancing, travelling",Rahul,Khanna,Student,33
43441,21-07-1965,Suresh_Mishra@gmail.com,male,"cricket, gardening, dancing",Suresh,Mishra,CA,51
43442,23-06-1980,Sudhanshu_Matthew@gmail.com,male,"photography,gardening,swimming",Sudhanshu,Matthew,Singer,52
43443,26-12-1975,Madhura_Verma@gmail.com,female,"singing, acting, travelling, photography, cricket",Madhura,Verma,Doctor,53
43444,18-09-1982,Meera_John@gmail.com,female,"cricket, gardening, sports, dancing",Meera,John,Dancer,54
43445,24-12-1982,Meher_Geet@gmail.com,female,"singing, sports, travelling",Meher,Geet,Singer,55
43446,14-11-1975,Megha_Nayak@gmail.com,female,"singing, sports, travelling",Megha,Nayak,Doctor,56
43447,24-09-1986,Neera_John@gmail.com,female,"singing, fishing, cricket,swimming",Neera,John,Doctor,57
43448,24-10-1979,Max_Gill@gmail.com,male,"singing, sports, travelling",Max,Gill,CA,58
43449,14-11-1975,Robort_Sharma@gmail.com,male,"cricket, sports, dancing",Robort,Sharma,Doctor,59
43450,14-09-1986,Ram_Verma@gmail.com,male,"singing,gardening,swimming",Ram,Verma,Photographer,22
43451,20-07-1965,Sham_Joshi@gmail.com,male,"singing, dancing, travelling",Sham,Joshi,Engineer,23
43452,03-07-1980,Seeta_Patil@gmail.com,female,"cricket, gardening, dancing",Seeta,Patil,Shopkeeper,24
43453,05-01-1976,Geeta_Kanekar@gmail.com,female,"photography,gardening,swimming",Geeta,Kanekar,Businessman,25
43454,28-09-1982,Ajay_Kale@gmail.com,male,"singing, acting, travelling, photography, cricket",Ajay,Kale,Worker,26
43455,03-01-1983,Vijay_Puri@gmail.com,male,"cricket, gardening, sports, dancing",Vijay,Puri,Teacher,42
43456,24-11-1975,Meeta_Sangale@gmail.com,female,"singing, sports, travelling",Meeta,Sangale,Dancer,43
43457,04-10-1986,Rutuja_Jadhav@gmail.com,female,"singing, fishing, cricket,swimming",Rutuja,Jadhav,Actor,44
43458,03-11-1979,Harshad_Yadav@gmail.com,male,"singing, sports, travelling",Harshad,Yadav,Banker,45
43459,24-11-1975,Aloka_Patil@gmail.com,female,"cricket, sports, dancing",Aloka,Patil,Salesman,46
43460,24-09-1986,Mitali_Bendale@gmail.com,female,"singing,gardening,swimming",Mitali,Bendale,Student,47
43461,30-07-1965,Shweta_Khanna@gmail.com,female,"singing, dancing, travelling",Shweta,Khanna,CA,48
43462,11-05-1980,Amey_Mishra@gmail.com,male,"cricket, gardening, dancing",Amey,Mishra,Singer,49
43463,13-11-1975,Sharvari_Matthew@gmail.com,female,"photography,gardening,swimming",Sharvari,Matthew,Doctor,50
43464,06-08-1982,Swapna_Verma@gmail.com,female,"singing, acting, travelling, photography, cricket",Swapna,Verma,Dancer,51
43465,11-11-1982,Jaya_John@gmail.com,female,"cricket, gardening, sports, dancing",Jaya,John,Singer,52
43466,02-10-1975,Rama_Geet@gmail.com,female,"singing, sports, travelling",Rama,Geet,Doctor,53
43467,12-08-1986,Ketaki_Nayak@gmail.com,female,"singing, fishing, cricket,swimming",Ketaki,Nayak,Doctor,54
43468,11-09-1979,Rajesh_John@gmail.com,male,"singing, sports, travelling",Rajesh,John,CA,55
43469,02-10-1975,Mahesh_Gill@gmail.com,male,"cricket, sports, dancing",Mahesh,Gill,Doctor,56
43470,02-08-1986,Ganesh_Sharma@gmail.com,male,"singing,gardening,swimming",Ganesh,Sharma,Photographer,57
43471,07-06-1965,Meera_Verma@gmail.com,female,"singing, dancing, travelling",Meera,Verma,Engineer,58
43472,21-05-1980,Meher_Joshi@gmail.com,female,"cricket, gardening, dancing",Meher,Joshi,Shopkeeper,59
43473,23-11-1975,Megha_Patil@gmail.com,female,"photography,gardening,swimming",Megha,Patil,Businessman,25
43474,16-08-1982,Neera_Kanekar@gmail.com,female,"singing, acting, travelling, photography, cricket",Neera,Kanekar,Worker,26
43475,21-11-1982,Max_Kale@gmail.com,male,"cricket, gardening, sports, dancing",Max,Kale,Teacher,27
43476,12-10-1975,Robort_Puri@gmail.com,male,"singing, sports, travelling",Robort,Puri,Dancer,28
43477,22-08-1986,Ram_Sangale@gmail.com,male,"singing, fishing, cricket,swimming",Ram,Sangale,Actor,29
43478,21-09-1979,Sham_Jadhav@gmail.com,male,"singing, sports, travelling",Sham,Jadhav,Banker,30
43479,12-10-1975,Seeta_Yadav@gmail.com,female,"cricket, sports, dancing",Seeta,Yadav,Salesman,31
43480,12-08-1986,Geeta_Patil@gmail.com,female,"singing,gardening,swimming",Geeta,Patil,Student,32
43481,17-06-1965,Ajay_Bendale@gmail.com,male,"singing, dancing, travelling",Ajay,Bendale,CA,33
43482,20-05-1980,Vijay_Cheke@gmail.com,male,"cricket, gardening, dancing",Vijay,Cheke,Singer,34
43483,22-11-1975,Meeta_Joshi@gmail.com,female,"photography,gardening,swimming",Meeta,Joshi,Doctor,35
43484,15-08-1982,Sonu_Galgali@gmail.com,female,"singing, acting, travelling, photography, cricket",Sonu,Galgali,Dancer,36
43485,20-11-1982,Gayatri_Mehra@gmail.com,female,"cricket, gardening, sports, dancing",Gayatri,Mehra,Singer,37
43486,11-10-1975,Sheetal_Patidar@gmail.com,female,"singing, sports, travelling",Sheetal,Patidar,Doctor,38
43487,21-08-1986,Sangeeta_Sharma@gmail.com,female,"singing, fishing, cricket,swimming",Sangeeta,Sharma,Doctor,39
43488,20-09-1979,Vimal_Verma@gmail.com,female,"singing, sports, travelling",Vimal,Verma,CA,40
43489,11-10-1975,Hema_Joshi@gmail.com,female,"cricket, sports, dancing",Hema,Joshi,Doctor,48
43490,11-08-1986,Ashok_Patil@gmail.com,male,"singing,gardening,swimming",Ashok,Patil,Photographer,49
43491,16-06-1965,Ashutosh_Kanekar@gmail.com,male,"singing, dancing, travelling",Ashutosh,Kanekar,Engineer,50
43492,30-05-1980,Renuka_Kale@gmail.com,female,"cricket, gardening, dancing",Renuka,Kale,Shopkeeper,51
43493,02-12-1975,Kaustubh _Puri@gmail.com,male,"photography,gardening,swimming",Kaustubh ,Puri,Businessman,52
43494,25-08-1982,Manisha_Sangale@gmail.com,female,"singing, acting, travelling, photography, cricket",Manisha,Sangale,Worker,53
43495,30-11-1982,Rahul_Jadhav@gmail.com,male,"cricket, gardening, sports, dancing",Rahul,Jadhav,Teacher,54
43496,21-10-1975,Suresh_Yadav@gmail.com,male,"singing, sports, travelling",Suresh,Yadav,Dancer,55
43497,31-08-1986,Sudhanshu_Patil@gmail.com,male,"singing, fishing, cricket,swimming",Sudhanshu,Patil,Actor,56
43498,30-09-1979,Madhura_Bendale@gmail.com,female,"singing, sports, travelling",Madhura,Bendale,Banker,57
43499,21-10-1975,Meera_Cheke@gmail.com,female,"cricket, sports, dancing",Meera,Cheke,Salesman,58
43500,21-08-1986,Meher_Joshi@gmail.com,female,"singing,gardening,swimming",Meher,Joshi,Student,59
